{"actor": {"harry_styles": {"SP": 1, "DP": 1, "time": 1543122235.002978}, "britneyspears": {"SP": 1, "DP": 1, "time": 1543122235.204426}, "zaynmalik": {"SP": 1, "DP": 1, "time": 1543122236.107441}, "lena_horne_real": {"SP": 1, "DP": 1, "time": 1543122236.3284056}, "dianaross": {"SP": 1, "DP": 1, "time": 1543122236.3284056}, "brunomars": {"SP": 1, "DP": 1, "time": 1543122236.8123858}, "chrishemsworth": {"SP": 1, "DP": 1, "time": 1543122237.547306}, "jonseda": {"SP": 1, "DP": 1, "time": 1543122237.783138}, "goconstance": {"SP": 1, "DP": 1, "time": 1543122237.7840867}}, "director": {"tomholland1996": {"SP": 1, "DP": 1, "time": 1543122235.4108386}, "bysidneylumet": {"SP": 1, "DP": 1, "time": 1543122236.3294015}, "joejonas": {"SP": 1, "DP": 1, "time": 1543122237.035531}, "GregNava2": {"SP": 1, "DP": 1, "time": 1543122237.7851274}}, "genre": {"Adventure": {"SP": 1, "DP": 1, "time": 1543122236.3294015}, "Family": {"SP": 1, "DP": 1, "time": 1543122236.330399}, "Fantasy": {"SP": 1, "DP": 1, "time": 1543122236.330399}, "Music": {"SP": 1, "DP": 1, "time": 1543122237.7980514}, "Musical": {"SP": 1, "DP": 1, "time": 1543122236.3313968}, "Biography": {"SP": 1, "DP": 1, "time": 1543122237.7950613}, "Drama": {"SP": 1, "DP": 1, "time": 1543122237.7960596}}}