{"actor": {"sharlto": {"SP": 1, "DP": 1, "time": 1543122230.883864}, "brophyjed": {"SP": 1, "DP": 1, "time": 1543122230.8858612}, "cchpounder": {"SP": 1, "DP": 1, "time": 1543122231.112537}, "joeldavidmoore": {"SP": 1, "DP": 1, "time": 1543122231.1134984}, "robertdowneyjr": {"SP": 0.9199999999999999, "DP": -0.8, "time": 1543122528.8045514}, "tom__hardy_": {"SP": 1, "DP": 1, "time": 1543122232.224799}, "paulandersen": {"SP": 1, "DP": 1, "time": 1543122232.225797}, "chrishemsworth": {"SP": 0.9199999999999999, "DP": -0.8, "time": 1543122528.8025577}, "mindykaling": {"SP": 1, "DP": 1, "time": 1543122232.6426816}, "chrisevans": {"SP": 1, "DP": 1, "time": 1543122232.854121}, "matthewperry": {"SP": 1, "DP": 1, "time": 1543122233.26092}, "sethmacfarlane": {"SP": 1, "DP": 1, "time": 1543122233.4862988}, "stevecarell": {"SP": 1, "DP": 1, "time": 1543122233.9194102}}, "director": {"neillblomkamp": {"SP": 1, "DP": 1, "time": 1543122230.886845}, "jimcameron": {"SP": 1, "DP": 1, "time": 1543122231.1144917}, "joss": {"SP": 0.8640000000000001, "DP": -0.8, "time": 1543122528.8065467}}, "genre": {"Action": {"SP": 0.9199999999999999, "DP": -0.8, "time": 1543122528.8075438}, "Sci-Fi": {"SP": 0.9199999999999999, "DP": -0.8, "time": 1543122528.813529}, "Thriller": {"SP": 1, "DP": 1, "time": 1543122232.2287989}, "Adventure": {"SP": 0.9199999999999999, "DP": -0.8, "time": 1543122528.811567}, "Fantasy": {"SP": 1, "DP": 1, "time": 1543122231.1225557}, "Biography": {"SP": 1, "DP": 1, "time": 1543122232.225797}, "Crime": {"SP": 1, "DP": 1, "time": 1543122232.225797}, "Drama": {"SP": 1, "DP": 1, "time": 1543122232.2267935}, "History": {"SP": 1, "DP": 1, "time": 1543122232.2287989}}}