{"actor": {"peter_dinklage": {"SP": 1, "DP": 1, "time": 1543122229.3835037}, "joshgad": {"SP": 1, "DP": 1, "time": 1543122229.3835037}, "goranvisnjic": {"SP": 1, "DP": 1, "time": 1543122229.3835037}, "stephenroot": {"SP": 1, "DP": 1, "time": 1543122229.3835037}}, "director": {"sj_martino": {"SP": 1, "DP": 1, "time": 1543122229.3835037}, "spinchemist": {"SP": 1, "DP": 1, "time": 1543122229.3835037}}, "genre": {"Adventure": {"SP": 1, "DP": 1, "time": 1543122229.3835037}, "Animation": {"SP": 1, "DP": 1, "time": 1543122229.3835037}, "Comedy": {"SP": 1, "DP": 1, "time": 1543122229.3835037}, "Family": {"SP": 1, "DP": 1, "time": 1543122229.3835037}}}